WEBSITE_ID,REVIEW_ID,OVERVALL_SCORE,LABEL
2,64330,0.804051,positive
2,64331,0.862223,positive
2,64332,0.95027,positive
2,64333,0.95326,positive
2,64334,0.753843,positive
2,64335,0.957738,positive
2,64336,0.928355,positive
2,64337,0.9995,positive
2,64338,0.379079,positive
