WEBSITE_ID,REVIEW_ID,OVERVALL_SCORE,LABEL
2,64580,0,neutral
2,64581,0.914676,positive
2,64582,0.99825,positive
2,64583,0.238887,positive
2,64584,0.96169,positive
2,64585,0.709002,positive
2,64586,0.743727,positive
2,64587,0.964213,positive
2,64588,0.800454,positive
2,64589,0.731454,positive
2,64590,0.995671,positive
2,64591,0.659729,positive
2,64592,0.895714,positive
