WEBSITE_ID,REVIEW_ID,OVERVALL_SCORE,LABEL
2,64986,-0.405867,negative
2,64987,0.993052,positive
2,64988,0.726877,positive
2,64989,0.811515,positive
2,64990,0.664789,positive
2,64991,0.836903,positive
2,64992,0.773444,positive
2,64993,0.818021,positive
2,64994,-0.499549,negative
2,64995,-0.544456,negative
2,64996,-0.686043,negative
2,64997,0,neutral
2,64998,0.616545,positive
2,64999,-0.719005,negative
2,65000,-0.48927,negative
2,65001,0.71607,positive
