WEBSITE_ID,REVIEW_ID,OVERVALL_SCORE,LABEL
2,65024,0.775863,positive
2,65025,0.973258,positive
2,65026,0.84958,positive
2,65027,0.997589,positive
2,65028,0.98255,positive
2,65029,0.957732,positive
