WEBSITE_ID,REVIEW_ID,OVERVALL_SCORE,LABEL
2,65030,0.922687,positive
2,65031,0.771981,positive
2,65032,0.93061,positive
2,65033,0.655445,positive
2,65034,0.86618,positive
2,65035,0.97448,positive
2,65036,0.997273,positive
2,65037,0.952056,positive
2,65038,0.898207,positive
2,65039,0.984329,positive
2,65040,0,neutral
2,65041,0.835673,positive
