WEBSITE_ID,REVIEW_ID,OVERVALL_SCORE,LABEL
2,65110,0.979544,positive
2,65111,0.933732,positive
2,65112,0.834696,positive
2,65113,0.644071,positive
2,65114,0.749077,positive
2,65115,0.951219,positive
2,65116,0.99481,positive
2,65117,0.807327,positive
2,65118,0.915518,positive
2,65119,0.852803,positive
2,65120,0.962449,positive
2,65121,0.972359,positive
2,65122,0.98332,positive
2,65123,0.680751,positive
2,65124,0.998252,positive
2,65125,0.922767,positive
2,65126,0.986992,positive
