WEBSITE_ID,REVIEW_ID,OVERVALL_SCORE,LABEL
2,65268,0.955471,positive
2,65269,0,neutral
2,65270,0.930815,positive
2,65271,0.612257,positive
2,65272,0.897604,positive
2,65273,0.848336,positive
2,65274,0,neutral
2,65275,0.496923,positive
2,65276,0.795812,positive
2,65277,0,neutral
2,65278,0.981937,positive
2,65279,0.88874,positive
2,65280,0.994494,positive
2,65281,0.981549,positive
2,65282,0.944937,positive
2,65283,0,neutral
