WEBSITE_ID,REVIEW_ID,OVERVALL_SCORE,LABEL
2,65309,0.861566,positive
2,65310,0.994933,positive
2,65311,0,neutral
2,65312,0.834988,positive
2,65313,0.726186,positive
2,65314,0.892358,positive
2,65315,-0.65521,negative
