WEBSITE_ID,REVIEW_ID,OVERVALL_SCORE,LABEL
2,65319,0.76747,positive
2,65320,0.722084,positive
2,65321,0.789538,positive
2,65322,0.924053,positive
2,65323,0.991909,positive
2,65324,0.730292,positive
2,65325,0.572415,positive
2,65326,0.96215,positive
2,65327,0.991624,positive
2,65328,0.712143,positive
2,65329,0.767135,positive
2,65330,0.772748,positive
2,65331,0,neutral
2,65332,0.904667,positive
