WEBSITE_ID,REVIEW_ID,OVERVALL_SCORE,LABEL
2,65363,0.664357,positive
2,65364,0.662047,positive
2,65365,0.831872,positive
2,65366,0,neutral
2,65367,0.885973,positive
2,65368,0.733442,positive
2,65369,0.512636,positive
2,65370,0.627989,positive
2,65371,0.719769,positive
2,65372,0.693221,positive
