WEBSITE_ID,REVIEW_ID,OVERVALL_SCORE,LABEL
2,65377,0.869374,positive
2,65378,0.680925,positive
2,65379,0.809941,positive
2,65380,0,neutral
2,65381,-0.272094,negative
2,65382,0.835657,positive
2,65384,0.746146,positive
2,65385,0.809441,positive
2,65386,0.996914,positive
2,65387,0.980975,positive
2,65388,-0.265911,negative
2,65389,0.914796,positive
2,65390,0.613604,positive
2,65391,0.667433,positive
2,65392,0.592446,positive
2,65393,-0.590399,negative
2,65394,0.996521,positive
