WEBSITE_ID,REVIEW_ID,OVERVALL_SCORE,LABEL
2,65433,0.810497,positive
2,65434,0.924072,positive
2,65435,0,neutral
2,65436,0.235612,positive
2,65437,0.998906,positive
2,65438,0.543059,positive
2,65439,0.991083,positive
2,65440,0.954138,positive
2,65441,0.991287,positive
2,65442,0.961076,positive
