WEBSITE_ID,REVIEW_ID,OVERVALL_SCORE,LABEL
2,65604,0.339234,positive
2,65605,0.729145,positive
2,65606,0.776541,positive
2,65607,0.829147,positive
2,65608,0.806865,positive
2,65609,0.90516,positive
2,65610,0.691668,positive
2,65611,0.698542,positive
2,65612,0,neutral
2,65613,0,neutral
