WEBSITE_ID,REVIEW_ID,OVERVALL_SCORE,LABEL
2,65645,0.690273,positive
2,65646,0.944988,positive
2,65647,-0.493941,negative
2,65648,0.957277,positive
2,65649,-0.718831,negative
2,65650,0.952822,positive
2,65651,0.894057,positive
2,65652,0.922262,positive
2,65653,-0.934081,negative
2,65654,0.715052,positive
2,65655,-0.982479,negative
2,65656,0.965112,positive
2,65657,0.676547,positive
2,65658,0.73149,positive
2,65659,-0.859641,negative
2,65660,-0.874787,negative
