WEBSITE_ID,REVIEW_ID,OVERVALL_SCORE,LABEL
2,65661,0.996672,positive
2,65662,0.490321,positive
2,65663,0,neutral
2,65664,0.96973,positive
2,65665,0.79083,positive
2,65666,0.72394,positive
2,65667,0.832394,positive
2,65668,0.973169,positive
2,65669,0.99544,positive
2,65670,0.961914,positive
2,65671,0.972484,positive
2,65672,0,neutral
2,65673,-0.370705,negative
2,65674,0.768022,positive
2,65675,0.987798,positive
2,65676,0.998316,positive
2,65677,0.750122,positive
