WEBSITE_ID,REVIEW_ID,OVERVALL_SCORE,LABEL
2,65678,0.694787,positive
2,65679,0.576417,positive
2,65680,0.847002,positive
2,65681,0.522523,positive
2,65682,0,neutral
2,65683,0.931096,positive
2,65684,0.794036,positive
2,65685,0.943726,positive
2,65686,0.984166,positive
2,65687,0,neutral
2,65688,0.918727,positive
2,65689,0,neutral
2,65690,0,neutral
2,65691,0.829219,positive
2,65692,0.982023,positive
2,65693,0.991718,positive
2,65694,0.956577,positive
