WEBSITE_ID,REVIEW_ID,OVERVALL_SCORE,LABEL
2,65716,0.989293,positive
2,65717,0.811253,positive
2,65718,0.94993,positive
2,65719,0.798072,positive
2,65720,0.732296,positive
2,65721,0.850511,positive
2,65722,0.594801,positive
