WEBSITE_ID,REVIEW_ID,OVERVALL_SCORE,LABEL
2,65728,0.930059,positive
2,65729,0.892104,positive
2,65730,0.58158,positive
2,65731,0.736884,positive
2,65732,0.80383,positive
2,65733,0.960319,positive
