WEBSITE_ID,REVIEW_ID,OVERVALL_SCORE,LABEL
2,65734,0.748346,positive
2,65735,0.966757,positive
2,65736,0.93611,positive
2,65737,0.533293,positive
2,65738,0.986965,positive
2,65739,0.878877,positive
2,65740,0.767054,positive
