WEBSITE_ID,REVIEW_ID,OVERVALL_SCORE,LABEL
2,65741,0.655378,positive
2,65742,0.974283,positive
2,65743,0.998331,positive
2,65744,0.992668,positive
2,65745,0,neutral
2,65746,0.856035,positive
2,65747,-0.403222,negative
2,65748,0.586843,positive
2,65749,0.957916,positive
2,65750,0,neutral
2,65752,0.718363,positive
2,65753,0,neutral
2,65754,0.983785,positive
2,65755,0.83246,positive
2,65756,0.79187,positive
2,65757,0.943354,positive
