WEBSITE_ID,REVIEW_ID,OVERVALL_SCORE,LABEL
2,65824,0.317741,positive
2,65825,0.853267,positive
2,65826,0.547111,positive
2,65827,0.902203,positive
2,65828,0.930372,positive
2,65829,0.943574,positive
2,65830,-0.810134,negative
2,65831,0.710536,positive
2,65832,0.775687,positive
2,65833,0.967767,positive
2,65834,0.985804,positive
2,65835,0.997887,positive
2,65836,0.700664,positive
2,65837,0.928569,positive
