WEBSITE_ID,REVIEW_ID,OVERVALL_SCORE,LABEL
2,65859,0,neutral
2,65860,0.955146,positive
2,65861,0.916927,positive
2,65862,0.951844,positive
2,65863,-0.42637,negative
2,65864,0.603401,positive
2,65865,0.717846,positive
2,65866,0.428979,positive
2,65867,0.635499,positive
2,65868,0.943804,positive
2,65869,0.897441,positive
2,65870,0.477967,positive
2,65871,0.955074,positive
