WEBSITE_ID,REVIEW_ID,OVERVALL_SCORE,LABEL
2,65872,0,neutral
2,65873,0.718551,positive
2,65874,0,neutral
2,65875,0.835237,positive
2,65876,0,neutral
2,65877,0.763246,positive
2,65878,0.815246,positive
2,65879,0.906091,positive
2,65880,0.749609,positive
2,65881,0.918791,positive
2,65882,0,neutral
2,65883,0.978772,positive
2,65884,0.634878,positive
2,65885,0,neutral
2,65886,0.864765,positive
2,65887,0.903496,positive
2,65888,0.587887,positive
2,65889,0,neutral
2,65890,0.98863,positive
