WEBSITE_ID,REVIEW_ID,OVERVALL_SCORE,LABEL
2,65971,0.942373,positive
2,65972,0,neutral
2,65973,0.357173,positive
2,65974,0.70611,positive
2,65975,0.926122,positive
2,65976,0.827348,positive
2,65977,0.713896,positive
2,65978,0.713896,positive
2,65979,-0.575244,negative
2,65980,0.453143,positive
2,65981,0.945661,positive
2,65982,0.744138,positive
2,65983,0,neutral
2,65984,0.312981,positive
2,65985,0.649925,positive
