WEBSITE_ID,REVIEW_ID,OVERVALL_SCORE,LABEL
2,65987,0.710621,positive
2,65988,0.981819,positive
2,65989,0.834429,positive
2,65990,0.990584,positive
2,65991,0.690054,positive
2,65992,0.963114,positive
2,65993,0,neutral
2,65994,0.973444,positive
2,65995,0.938633,positive
2,65996,-0.376731,negative
2,65997,-0.577447,negative
2,65998,0.939187,positive
2,65999,0.965587,positive
2,66000,0.957272,positive
2,66001,0,neutral
