WEBSITE_ID,REVIEW_ID,OVERVALL_SCORE,LABEL
2,66002,0,neutral
2,66003,0.719815,positive
2,66004,0.959774,positive
2,66005,0.985653,positive
2,66006,0.746839,positive
2,66007,0.995897,positive
2,66008,0.958403,positive
2,66009,0.933787,positive
2,66010,0.899528,positive
2,66011,0.842894,positive
2,66012,0,neutral
