WEBSITE_ID,REVIEW_ID,OVERVALL_SCORE,LABEL
2,66053,0.985911,positive
2,66054,-0.296781,negative
2,66055,0.943799,positive
2,66056,0.96238,positive
2,66057,0.999749,positive
2,66058,0.664615,positive
2,66059,0.97338,positive
2,66060,0.911863,positive
2,66061,0.98262,positive
2,66062,0.967828,positive
2,66063,0.739745,positive
2,66064,0.674083,positive
