WEBSITE_ID,REVIEW_ID,OVERVALL_SCORE,LABEL
2,66066,0.712783,positive
2,66067,0,neutral
2,66068,0.949473,positive
2,66069,0.688623,positive
2,66070,0.659964,positive
2,66071,0.752522,positive
2,66072,0.690755,positive
2,66073,0.793031,positive
2,66074,0.924588,positive
2,66075,0.953862,positive
2,66076,0,neutral
2,66077,0.919448,positive
2,66078,0.814394,positive
2,66079,0.945311,positive
2,66080,0,neutral
2,66081,0,neutral
2,66082,0.732672,positive
2,66083,0.435046,positive
