WEBSITE_ID,REVIEW_ID,OVERVALL_SCORE,LABEL
2,66084,0.772604,positive
2,66085,0.938978,positive
2,66086,0.925103,positive
2,66087,0.952444,positive
2,66088,0.332072,positive
2,66089,0.280809,positive
2,66090,0.98954,positive
2,66091,0.973485,positive
2,66092,0,neutral
2,66093,-0.75098,negative
2,66094,0.991071,positive
