WEBSITE_ID,REVIEW_ID,OVERVALL_SCORE,LABEL
2,66095,0.638984,positive
2,66096,0.583505,positive
2,66097,0.989049,positive
2,66098,0.689228,positive
2,66099,-0.285272,negative
2,66100,-0.529368,negative
2,66101,0.813569,positive
2,66102,0.744812,positive
2,66103,-0.731765,negative
2,66104,0.795973,positive
2,66105,0.965757,positive
2,66106,0.865304,positive
2,66107,0.985143,positive
2,66108,0.956477,positive
2,66109,0.866885,positive
2,66110,0.985847,positive
2,66111,0.969788,positive
