WEBSITE_ID,REVIEW_ID,OVERVALL_SCORE,LABEL
2,66112,0,neutral
2,66113,0,neutral
2,66114,0.932687,positive
2,66115,0,neutral
2,66116,0,neutral
2,66117,0.939043,positive
2,66118,0.987286,positive
2,66119,0.983579,positive
2,66120,0,neutral
2,66121,0.907136,positive
2,66122,0.971671,positive
2,66123,0.920121,positive
2,66124,0,neutral
2,66125,0.909183,positive
2,66126,0,neutral
2,66127,0.824113,positive
2,66128,0.433102,positive
