WEBSITE_ID,REVIEW_ID,OVERVALL_SCORE,LABEL
2,66129,0.992841,positive
2,66130,-0.74875,negative
2,66131,0,neutral
2,66132,0.958845,positive
2,66133,0.4058,positive
2,66134,0.288105,positive
2,66135,0,neutral
2,66136,0.922863,positive
2,66137,0.982745,positive
2,66138,0.9927,positive
2,66139,0.679374,positive
