WEBSITE_ID,REVIEW_ID,OVERVALL_SCORE,LABEL
2,66143,0.70398,positive
2,66144,0.705516,positive
2,66145,0,neutral
2,66146,0.563985,positive
2,66147,0.971937,positive
2,66148,0.566079,positive
2,66149,0.877567,positive
2,66150,0.943143,positive
2,66151,0.979146,positive
2,66152,0.712542,positive
2,66153,0.95186,positive
2,66154,0.852893,positive
2,66155,0.99645,positive
2,66156,0.934965,positive
2,66157,0.512299,positive
