WEBSITE_ID,REVIEW_ID,OVERVALL_SCORE,LABEL
2,66172,0.431406,positive
2,66173,0.959935,positive
2,66174,0.791639,positive
2,66175,0.783375,positive
2,66176,0.384634,positive
2,66177,0.81172,positive
2,66178,0.989086,positive
2,66179,0.897948,positive
2,66180,0.986957,positive
2,66181,0.985539,positive
2,66182,0.881528,positive
2,66183,0.786429,positive
