WEBSITE_ID,REVIEW_ID,OVERVALL_SCORE,LABEL
2,66201,0.860179,positive
2,66202,0.983074,positive
2,66203,0.984076,positive
2,66204,0.981267,positive
2,66205,0.963645,positive
2,66206,0.968479,positive
