WEBSITE_ID,REVIEW_ID,OVERVALL_SCORE,LABEL
2,66207,0.843234,positive
2,66208,-0.497558,negative
2,66209,0.988365,positive
2,66210,0.903452,positive
2,66211,0.754673,positive
2,66212,0.908609,positive
2,66213,0.896511,positive
2,66214,0.892635,positive
