WEBSITE_ID,REVIEW_ID,OVERVALL_SCORE,LABEL
2,66215,0,neutral
2,66216,0.978912,positive
2,66217,0.635188,positive
2,66218,0,neutral
2,66219,0.929551,positive
2,66220,-0.352314,negative
2,66221,0.554992,positive
2,66222,0.961185,positive
2,66223,0.686955,positive
2,66224,0,neutral
2,66225,0,neutral
2,66226,0,neutral
2,66227,0,neutral
2,66228,0.709454,positive
2,66229,0,neutral
2,66230,0.907175,positive
2,66231,0.981997,positive
