WEBSITE_ID,REVIEW_ID,OVERVALL_SCORE,LABEL
2,66232,0.989515,positive
2,66233,0,neutral
2,66234,0.840039,positive
2,66235,0.992799,positive
2,66236,0.991083,positive
2,66237,0.972604,positive
2,66238,0.954603,positive
