WEBSITE_ID,REVIEW_ID,OVERVALL_SCORE,LABEL
2,66241,0.691779,positive
2,66242,0.585909,positive
2,66243,0.640228,positive
2,66244,0.764358,positive
2,66245,0.912153,positive
2,66246,-0.402857,negative
2,66247,0.778994,positive
2,66248,0.989296,positive
2,66249,0.461582,positive
2,66250,0.972063,positive
2,66251,0.922667,positive
2,66252,0.646884,positive
2,66253,0.601441,positive
