WEBSITE_ID,REVIEW_ID,OVERVALL_SCORE,LABEL
2,66258,0.723643,positive
2,66259,0.661654,positive
2,66260,0.93305,positive
2,66261,0.876145,positive
2,66262,0.9658,positive
2,66263,0.962537,positive
2,66264,0.822653,positive
2,66265,0.893775,positive
2,66266,0.673959,positive
2,66267,0.986102,positive
2,66268,0.987763,positive
2,66269,0.931007,positive
2,66270,0.911565,positive
2,66271,-0.447845,negative
2,66272,0.609492,positive
