WEBSITE_ID,REVIEW_ID,OVERVALL_SCORE,LABEL
2,66282,0.982882,positive
2,66283,0,neutral
2,66284,0.527237,positive
2,66285,0.963606,positive
2,66286,0.999752,positive
2,66287,0,neutral
2,66288,0.622009,positive
2,66289,0.725769,positive
2,66290,0.456301,positive
2,66291,0.878046,positive
