WEBSITE_ID,REVIEW_ID,OVERVALL_SCORE,LABEL
2,66292,0,neutral
2,66293,0.761942,positive
2,66294,0.641142,positive
2,66295,0,neutral
2,66296,0,neutral
2,66297,0.613945,positive
2,66298,0.559854,positive
2,66299,-0.581048,negative
2,66300,0.707831,positive
2,66301,0.782762,positive
2,66302,0.594502,positive
2,66303,0,neutral
2,66304,0,neutral
