WEBSITE_ID,REVIEW_ID,OVERVALL_SCORE,LABEL
2,66305,0.782845,positive
2,66306,-0.276409,negative
2,66307,0.711353,positive
2,66308,0.861616,positive
2,66309,0.335649,positive
2,66310,0.913091,positive
2,66311,0.624359,positive
