WEBSITE_ID,REVIEW_ID,OVERVALL_SCORE,LABEL
2,66329,0.599036,positive
2,66330,0,neutral
2,66331,0.883754,positive
2,66332,0.988274,positive
2,66333,0.853072,positive
2,66334,0.622616,positive
2,66335,0.989845,positive
2,66336,-0.553917,negative
2,66337,0.996779,positive
2,66338,0.970087,positive
