WEBSITE_ID,REVIEW_ID,OVERVALL_SCORE,LABEL
2,66339,0.954222,positive
2,66340,0.767494,positive
2,66341,0.991392,positive
2,66342,0.756928,positive
2,66343,0.636385,positive
2,66344,0.920728,positive
2,66345,0.816625,positive
2,66346,0.766116,positive
