WEBSITE_ID,REVIEW_ID,OVERVALL_SCORE,LABEL
2,66347,0.936751,positive
2,66348,0.958485,positive
2,66349,0.963886,positive
2,66350,0.778456,positive
2,66351,0.989157,positive
2,66352,0.99368,positive
2,66353,0.99077,positive
2,66354,0.903529,positive
