WEBSITE_ID,REVIEW_ID,OVERVALL_SCORE,LABEL
2,66355,-0.493349,negative
2,66356,0,neutral
2,66357,0,neutral
2,66358,0.615878,positive
2,66359,0,neutral
2,66360,0.417521,positive
2,66361,0.978097,positive
2,66362,-0.57098,negative
2,66363,0.992287,positive
2,66364,0.701826,positive
2,66365,0.881254,positive
2,66366,0,neutral
2,66367,0.71675,positive
2,66368,0.783703,positive
2,66369,0.911763,positive
2,66370,0.922094,positive
2,66371,0.921817,positive
2,66372,0,neutral
2,66373,0.795318,positive
