WEBSITE_ID,REVIEW_ID,OVERVALL_SCORE,LABEL
2,66374,0.675315,positive
2,66375,0.384049,positive
2,66376,0.969856,positive
2,66377,0.795859,positive
2,66378,0.991083,positive
2,66379,0.908946,positive
2,66380,0.855818,positive
2,66381,0.97528,positive
