WEBSITE_ID,REVIEW_ID,OVERVALL_SCORE,LABEL
2,66385,0.981693,positive
2,66386,0.990131,positive
2,66387,0.423009,positive
2,66388,0.752229,positive
2,66389,0.403678,positive
2,66390,0.996045,positive
2,66391,0.991933,positive
2,66392,0.946238,positive
