WEBSITE_ID,REVIEW_ID,OVERVALL_SCORE,LABEL
2,66393,0.999487,positive
2,66394,0,neutral
2,66395,0.933684,positive
2,66396,0.890403,positive
2,66397,0,neutral
2,66398,0.579797,positive
2,66399,0.877908,positive
2,66400,0.674473,positive
2,66401,0.946572,positive
2,66402,0.730054,positive
2,66403,0.901813,positive
2,66404,0.762816,positive
