WEBSITE_ID,REVIEW_ID,OVERVALL_SCORE,LABEL
2,66423,0.753488,positive
2,66424,0.944448,positive
2,66425,0.583898,positive
2,66426,0.991083,positive
2,66427,0.897089,positive
2,66428,0.952605,positive
2,66429,0.836862,positive
