WEBSITE_ID,REVIEW_ID,OVERVALL_SCORE,LABEL
2,66433,0.99944,positive
2,66434,0.78042,positive
2,66435,0.693129,positive
2,66436,0.901291,positive
2,66437,0.822771,positive
2,66438,0.867727,positive
