WEBSITE_ID,REVIEW_ID,OVERVALL_SCORE,LABEL
2,66439,0.534608,positive
2,66440,0.846773,positive
2,66441,0.273054,positive
2,66442,0.737881,positive
2,66443,-0.647646,negative
2,66444,0.53226,positive
2,66445,0,neutral
2,66446,0.989073,positive
2,66447,0.676625,positive
