WEBSITE_ID,REVIEW_ID,OVERVALL_SCORE,LABEL
2,66448,0.953167,positive
2,66449,-0.308819,negative
2,66450,0.790042,positive
2,66451,0,neutral
2,66452,0.64861,positive
2,66453,0.86934,positive
2,66454,0.975432,positive
2,66455,0.913215,positive
