WEBSITE_ID,REVIEW_ID,OVERVALL_SCORE,LABEL
2,66461,0.999998,positive
2,66462,0.827115,positive
2,66463,0.999272,positive
2,66464,0.986239,positive
2,66465,0.447876,positive
2,66466,0,neutral
2,66467,0,neutral
2,66468,0.247857,positive
2,66469,0.870838,positive
2,66470,0,neutral
2,66471,0.906476,positive
2,66472,0.33613,positive
2,66473,0.484226,positive
2,66474,0.938646,positive
