WEBSITE_ID,REVIEW_ID,OVERVALL_SCORE,LABEL
2,66483,0.983461,positive
2,66484,0.945329,positive
2,66485,0.59574,positive
2,66486,0.438951,positive
2,66487,0.844956,positive
2,66488,0.808434,positive
2,66489,0.770797,positive
