WEBSITE_ID,REVIEW_ID,OVERVALL_SCORE,LABEL
2,66490,0.94649,positive
2,66491,0.997906,positive
2,66492,0.938023,positive
2,66493,-0.526642,negative
2,66494,0.589511,positive
2,66495,0.431171,positive
2,66496,0.989456,positive
2,66497,0.968052,positive
2,66498,0.904845,positive
2,66499,0.984479,positive
