WEBSITE_ID,REVIEW_ID,OVERVALL_SCORE,LABEL
2,66512,0.978572,positive
2,66513,0.988686,positive
2,66514,0.852986,positive
2,66515,0.781042,positive
2,66516,0.916852,positive
2,66517,0.997582,positive
2,66518,0.973713,positive
2,66519,0.759599,positive
2,66520,0.658848,positive
2,66521,0.567387,positive
2,66522,0.706833,positive
2,66523,0.982177,positive
2,66524,0.964512,positive
2,66525,0.935081,positive
