WEBSITE_ID,REVIEW_ID,OVERVALL_SCORE,LABEL
2,66531,0.869161,positive
2,66532,0,neutral
2,66533,0.995612,positive
2,66534,0.90859,positive
2,66535,0.938023,positive
2,66536,0.271178,positive
2,66537,0.65756,positive
2,66538,0.98717,positive
2,66539,0.341055,positive
2,66540,0.866842,positive
2,66541,0.523895,positive
2,66542,0,neutral
2,66543,0.986261,positive
2,66544,0.46564,positive
