WEBSITE_ID,REVIEW_ID,OVERVALL_SCORE,LABEL
2,66546,0.775276,positive
2,66547,-0.433524,negative
2,66548,-0.520063,negative
2,66549,0.932943,positive
2,66550,0.984094,positive
2,66551,0.704039,positive
2,66552,0.638262,positive
