WEBSITE_ID,REVIEW_ID,OVERVALL_SCORE,LABEL
2,66557,0.70447,positive
2,66558,0,neutral
2,66559,0.959102,positive
2,66560,0.571515,positive
2,66561,0.53274,positive
2,66562,0.963754,positive
2,66563,0,neutral
2,66564,0.855748,positive
