WEBSITE_ID,REVIEW_ID,OVERVALL_SCORE,LABEL
2,66577,0.792512,positive
2,66578,0,neutral
2,66579,0.554814,positive
2,66580,-0.339803,negative
2,66581,0.757923,positive
2,66582,-0.511267,negative
2,66583,0,neutral
2,66584,0.990762,positive
