WEBSITE_ID,REVIEW_ID,OVERVALL_SCORE,LABEL
2,66615,0.914843,positive
2,66616,0.736203,positive
2,66617,0.867303,positive
2,66618,0.592834,positive
2,66619,0.719349,positive
2,66620,0.401147,positive
2,66621,0,neutral
2,66622,0.581875,positive
2,66623,0,neutral
2,66624,-0.437469,negative
2,66625,0.58936,positive
2,66626,0.810185,positive
2,66627,0.750196,positive
