WEBSITE_ID,REVIEW_ID,OVERVALL_SCORE,LABEL
2,66653,0.791403,positive
2,66654,0.51886,positive
2,66655,0.58326,positive
2,66656,0.23803,positive
2,66657,0.789888,positive
2,66658,0.953106,positive
2,66659,-0.692157,negative
2,66660,0.77186,positive
2,66661,0.644248,positive
2,66662,0,neutral
2,66663,0,neutral
2,66664,0.97906,positive
2,66665,0.855637,positive
2,66666,0.854113,positive
2,66667,0.734047,positive
2,66668,0.836569,positive
