WEBSITE_ID,REVIEW_ID,OVERVALL_SCORE,LABEL
2,66672,0.76069,positive
2,66673,0.711257,positive
2,66674,0.988143,positive
2,66675,-0.356537,negative
2,66676,0.639468,positive
2,66677,0.448231,positive
2,66678,0.981505,positive
