WEBSITE_ID,REVIEW_ID,OVERVALL_SCORE,LABEL
2,66708,0.418485,positive
2,66709,0.678268,positive
2,66710,0.762028,positive
2,66711,0.597237,positive
2,66712,0,neutral
2,66713,0.963053,positive
2,66714,0.996959,positive
2,66715,-0.508064,negative
2,66716,0.656448,positive
2,66717,0,neutral
2,66718,0,neutral
2,66719,0.47355,positive
2,66720,0,neutral
