WEBSITE_ID,REVIEW_ID,OVERVALL_SCORE,LABEL
2,66724,0.933693,positive
2,66725,0.95554,positive
2,66726,0.978707,positive
2,66727,0.898202,positive
2,66728,0.572376,positive
2,66729,0.984233,positive
2,66730,0.944026,positive
2,66731,0.993244,positive
2,66732,0.869717,positive
2,66733,0.956619,positive
