WEBSITE_ID,REVIEW_ID,OVERVALL_SCORE,LABEL
2,66742,0.607877,positive
2,66743,0.997403,positive
2,66744,0.977338,positive
2,66745,0.987011,positive
2,66746,0,neutral
2,66747,0.822312,positive
2,66748,0.660108,positive
2,66749,0.576172,positive
2,66750,0.945698,positive
2,66751,0.991083,positive
2,66752,0.997775,positive
