WEBSITE_ID,REVIEW_ID,OVERVALL_SCORE,LABEL
2,66754,0.764583,positive
2,66755,0.910612,positive
2,66756,0.959461,positive
2,66757,0.968766,positive
2,66758,0.346617,positive
2,66759,0.950478,positive
2,66760,0.871536,positive
2,66761,0.599115,positive
2,66762,0,neutral
2,66763,0.693633,positive
2,66764,0.697165,positive
2,66765,-0.304543,negative
