WEBSITE_ID,REVIEW_ID,OVERVALL_SCORE,LABEL
2,66772,0.493747,positive
2,66773,0.370748,positive
2,66774,0.858389,positive
2,66775,0,neutral
2,66776,0.877213,positive
2,66777,0.863333,positive
2,66778,0.967975,positive
2,66779,0.688672,positive
2,66780,0,neutral
2,66781,0.972096,positive
2,66782,0.589018,positive
2,66783,0.884195,positive
2,66784,0,neutral
2,66785,0.910081,positive
