WEBSITE_ID,REVIEW_ID,OVERVALL_SCORE,LABEL
2,66790,0.993149,positive
2,66791,0.513926,positive
2,66792,0.470752,positive
2,66793,0.725598,positive
2,66794,0.364367,positive
2,66795,0.95936,positive
