WEBSITE_ID,REVIEW_ID,OVERVALL_SCORE,LABEL
2,66798,0.637796,positive
2,66799,0,neutral
2,66800,0.925397,positive
2,66801,0.950513,positive
2,66802,0.642023,positive
2,66803,0.812655,positive
2,66804,0.940589,positive
2,66805,0.994838,positive
2,66806,0.940948,positive
2,66807,0.984999,positive
2,66808,0.935663,positive
