WEBSITE_ID,REVIEW_ID,OVERVALL_SCORE,LABEL
2,66809,0.994472,positive
2,66810,0.995235,positive
2,66811,0.575235,positive
2,66812,0,neutral
2,66813,0.923609,positive
2,66814,-0.53028,negative
2,66815,0.902714,positive
