WEBSITE_ID,REVIEW_ID,OVERVALL_SCORE,LABEL
2,66816,0.618297,positive
2,66817,0.670532,positive
2,66818,0.916029,positive
2,66819,0.980672,positive
2,66820,0.713759,positive
2,66821,0.899604,positive
2,66822,0,neutral
2,66823,0,neutral
2,66824,0.799036,positive
2,66825,0.690585,positive
