WEBSITE_ID,REVIEW_ID,OVERVALL_SCORE,LABEL
2,66826,0.747473,positive
2,66827,0.942166,positive
2,66828,0.675017,positive
2,66829,0.991773,positive
2,66830,0.572423,positive
2,66831,0,neutral
2,66832,0.570242,positive
2,66833,0.920367,positive
2,66834,0.650166,positive
