WEBSITE_ID,REVIEW_ID,OVERVALL_SCORE,LABEL
2,66843,0.90847,positive
2,66844,0.959209,positive
2,66845,0.622404,positive
2,66846,0.970044,positive
2,66847,0.839652,positive
2,66848,0.970725,positive
2,66849,0.973956,positive
