WEBSITE_ID,REVIEW_ID,OVERVALL_SCORE,LABEL
2,66852,0.818787,positive
2,66853,0.799871,positive
2,66854,0.851352,positive
2,66855,0.98554,positive
2,66856,0.535267,positive
2,66857,0.78974,positive
2,66858,0.634574,positive
2,66859,0.695716,positive
2,66860,-0.893284,negative
2,66861,-0.778712,negative
