WEBSITE_ID,REVIEW_ID,OVERVALL_SCORE,LABEL
2,66862,0.749939,positive
2,66863,0.874989,positive
2,66864,0,neutral
2,66865,0.865789,positive
2,66866,0.936905,positive
2,66867,0.82242,positive
2,66868,0.868423,positive
2,66869,0.827387,positive
2,66870,0.984604,positive
2,66871,0.855515,positive
2,66872,0.92186,positive
2,66873,0.628595,positive
2,66874,-0.568335,negative
2,66875,0.814935,positive
2,66876,0.904641,positive
2,66877,0.984985,positive
2,66878,0,neutral
2,66879,0.763569,positive
