WEBSITE_ID,REVIEW_ID,OVERVALL_SCORE,LABEL
2,66880,0.952994,positive
2,66881,0.577357,positive
2,66882,0.988483,positive
2,66883,0.92735,positive
2,66884,0.987261,positive
2,66885,0.915685,positive
2,66886,0.97791,positive
2,66887,0.676781,positive
2,66888,-0.614147,negative
2,66889,0,neutral
2,66890,0.951925,positive
2,66891,0.886527,positive
