WEBSITE_ID,REVIEW_ID,OVERVALL_SCORE,LABEL
2,66892,0.660787,positive
2,66893,0.993607,positive
2,66894,0.605841,positive
2,66895,0.848674,positive
2,66896,0.82081,positive
2,66897,0.788619,positive
2,66898,0.941666,positive
2,66899,0,neutral
2,66900,0.895628,positive
2,66901,0.538211,positive
2,66902,0.894659,positive
2,66903,0.996741,positive
