WEBSITE_ID,REVIEW_ID,OVERVALL_SCORE,LABEL
2,66904,0.968066,positive
2,66905,0.662584,positive
2,66906,0.718668,positive
2,66907,0.992358,positive
2,66908,0.864171,positive
2,66909,0.978913,positive
