WEBSITE_ID,REVIEW_ID,OVERVALL_SCORE,LABEL
2,66916,0.844974,positive
2,66917,0.891251,positive
2,66918,0.718126,positive
2,66919,0.705394,positive
2,66920,0.999065,positive
2,66921,0.803099,positive
2,66922,0.914167,positive
