WEBSITE_ID,REVIEW_ID,OVERVALL_SCORE,LABEL
2,66924,0.689649,positive
2,66925,0.625947,positive
2,66926,0.568175,positive
2,66927,-0.440387,negative
2,66928,-0.232986,negative
2,66929,0.892926,positive
2,66930,0,neutral
2,66931,0.760081,positive
2,66932,0.677555,positive
