WEBSITE_ID,REVIEW_ID,OVERVALL_SCORE,LABEL
2,66933,0.501892,positive
2,66934,0.849038,positive
2,66935,0.890753,positive
2,66936,0.912886,positive
2,66937,-0.312131,negative
2,66938,0.77982,positive
2,66939,0.910693,positive
2,66940,0,neutral
2,66941,0.527359,positive
2,66942,0.903657,positive
2,66943,0.84264,positive
2,66944,0.659481,positive
