WEBSITE_ID,REVIEW_ID,OVERVALL_SCORE,LABEL
2,66945,0.927348,positive
2,66946,0.972968,positive
2,66947,0.968984,positive
2,66948,0.987307,positive
2,66949,0.95689,positive
2,66950,0.89832,positive
2,66951,0.941195,positive
