WEBSITE_ID,REVIEW_ID,OVERVALL_SCORE,LABEL
2,66954,0,neutral
2,66955,0.951213,positive
2,66956,0.878965,positive
2,66957,0.995862,positive
2,66958,0.836581,positive
2,66959,0,neutral
2,66960,0.868461,positive
2,66961,0.859837,positive
