WEBSITE_ID,REVIEW_ID,OVERVALL_SCORE,LABEL
2,66962,0.962616,positive
2,66963,0.990268,positive
2,66964,0.933781,positive
2,66965,0.941376,positive
2,66966,0.92223,positive
2,66967,0.936451,positive
