WEBSITE_ID,REVIEW_ID,OVERVALL_SCORE,LABEL
2,66977,0,neutral
2,66978,0.812884,positive
2,66979,0.9189,positive
2,66980,0.761758,positive
2,66981,0.937859,positive
2,66982,0.954155,positive
2,66983,0.868011,positive
2,66984,0.445484,positive
2,66985,0.554865,positive
2,66986,0.505427,positive
2,66987,0.464562,positive
2,66988,0.947888,positive
2,66989,0.610704,positive
2,66990,0.71458,positive
