WEBSITE_ID,REVIEW_ID,OVERVALL_SCORE,LABEL
2,66992,0.987101,positive
2,66993,0.913795,positive
2,66994,0.777828,positive
2,66995,0.945205,positive
2,66996,0.992542,positive
2,66997,0.889874,positive
2,66998,0.963634,positive
