WEBSITE_ID,REVIEW_ID,OVERVALL_SCORE,LABEL
2,67005,0.997349,positive
2,67006,-0.257041,negative
2,67007,0.997791,positive
2,67008,0.978827,positive
2,67009,0.753394,positive
2,67010,0.909103,positive
2,67011,0.700511,positive
