WEBSITE_ID,REVIEW_ID,OVERVALL_SCORE,LABEL
2,67012,0.983572,positive
2,67013,0,neutral
2,67014,0.997969,positive
2,67015,0.957104,positive
2,67016,0.959857,positive
2,67017,0.992877,positive
2,67018,0.669651,positive
2,67019,0.728041,positive
2,67020,0.964872,positive
2,67021,0.626714,positive
2,67022,0.659999,positive
2,67023,0.833147,positive
