WEBSITE_ID,REVIEW_ID,OVERVALL_SCORE,LABEL
2,67031,0.414111,positive
2,67032,0,neutral
2,67033,0.941761,positive
2,67034,0.833173,positive
2,67035,0.364451,positive
2,67036,0.82953,positive
2,67037,0.707637,positive
2,67038,0,neutral
2,67039,0,neutral
