WEBSITE_ID,REVIEW_ID,OVERVALL_SCORE,LABEL
2,67051,0.705293,positive
2,67052,0.605615,positive
2,67053,0.761196,positive
2,67054,0,neutral
2,67055,0.973573,positive
2,67056,0,neutral
2,67057,0.895072,positive
2,67058,0,neutral
2,67059,-0.801115,negative
2,67060,0.971697,positive
2,67061,0.599616,positive
2,67062,0,neutral
2,67063,0,neutral
2,67064,0,neutral
2,67065,0.970917,positive
2,67066,0,neutral
