WEBSITE_ID,REVIEW_ID,OVERVALL_SCORE,LABEL
2,67067,0.669256,positive
2,67068,0.473232,positive
2,67069,0.804385,positive
2,67070,0.473439,positive
2,67071,-0.372165,negative
2,67072,0,neutral
2,67073,0.948849,positive
