WEBSITE_ID,REVIEW_ID,OVERVALL_SCORE,LABEL
2,67074,0.691545,positive
2,67075,0.976161,positive
2,67076,0.990502,positive
2,67077,0.54742,positive
2,67078,0.985395,positive
2,67079,0.625719,positive
2,67080,0.947094,positive
2,67081,0.953703,positive
2,67082,0.998115,positive
