WEBSITE_ID,REVIEW_ID,OVERVALL_SCORE,LABEL
2,67089,0.891243,positive
2,67090,0.722824,positive
2,67091,0.956853,positive
2,67092,0,neutral
2,67093,0.96183,positive
2,67094,0.943151,positive
2,67095,0.621262,positive
2,67096,0.882418,positive
2,67097,0.898446,positive
2,67098,0.611852,positive
2,67099,0.813643,positive
2,67100,0.432473,positive
