WEBSITE_ID,REVIEW_ID,OVERVALL_SCORE,LABEL
2,67104,0.788591,positive
2,67105,-0.83869,negative
2,67106,0.914227,positive
2,67107,0.320909,positive
2,67108,0,neutral
2,67109,0.870226,positive
2,67110,0,neutral
2,67111,0.579314,positive
2,67112,0.389932,positive
