WEBSITE_ID,REVIEW_ID,OVERVALL_SCORE,LABEL
2,67115,0.954436,positive
2,67116,0.99402,positive
2,67117,0,neutral
2,67118,0.805089,positive
2,67119,0.816604,positive
2,67120,0.97184,positive
2,67121,0.761755,positive
2,67122,0.941126,positive
2,67123,0.890069,positive
2,67124,-0.333984,negative
2,67125,0.884135,positive
