WEBSITE_ID,REVIEW_ID,OVERVALL_SCORE,LABEL
2,67126,0.946193,positive
2,67127,0.934132,positive
2,67128,0.455087,positive
2,67129,0.974874,positive
2,67130,0.510632,positive
2,67131,0,neutral
2,67132,0.940815,positive
2,67133,0.753868,positive
2,67134,0.796979,positive
