WEBSITE_ID,REVIEW_ID,OVERVALL_SCORE,LABEL
2,67143,0.683162,positive
2,67144,0.761622,positive
2,67145,0.925616,positive
2,67146,0,neutral
2,67147,0.931067,positive
2,67148,0.698937,positive
2,67149,-0.309343,negative
2,67150,0.759364,positive
2,67151,0.983059,positive
2,67152,0.761932,positive
2,67153,0.739523,positive
2,67154,0.331053,positive
2,67155,0.676548,positive
2,67156,0.579225,positive
2,67157,0.611619,positive
2,67158,0.903239,positive
