WEBSITE_ID,REVIEW_ID,OVERVALL_SCORE,LABEL
2,67159,0,neutral
2,67160,0.541373,positive
2,67161,0.509249,positive
2,67162,0.420671,positive
2,67163,0.981962,positive
2,67164,0.937921,positive
2,67165,-0.571067,negative
2,67166,0.616542,positive
2,67167,0.412058,positive
2,67168,0.748489,positive
2,67169,0.952695,positive
2,67170,0.973432,positive
