WEBSITE_ID,REVIEW_ID,OVERVALL_SCORE,LABEL
2,67176,0.919237,positive
2,67177,0.536194,positive
2,67178,0.997318,positive
2,67179,0.766751,positive
2,67180,0.604452,positive
2,67181,0.92888,positive
2,67182,0.997188,positive
2,67183,0.840724,positive
2,67184,0.755262,positive
2,67185,0.794263,positive
2,67186,0.958358,positive
