WEBSITE_ID,REVIEW_ID,OVERVALL_SCORE,LABEL
2,67189,0.67527,positive
2,67190,0.638581,positive
2,67191,0.978746,positive
2,67192,0.723241,positive
2,67193,0.778215,positive
2,67194,0,neutral
2,67195,0.91831,positive
2,67196,0.510925,positive
2,67197,0.998368,positive
2,67198,0.985855,positive
