WEBSITE_ID,REVIEW_ID,OVERVALL_SCORE,LABEL
2,67199,0.976889,positive
2,67200,0.767869,positive
2,67201,0.920085,positive
2,67202,0.775633,positive
2,67203,0,neutral
2,67204,0.945401,positive
2,67205,0.847561,positive
2,67206,0.273334,positive
2,67207,0.845327,positive
2,67208,0.645435,positive
