WEBSITE_ID,REVIEW_ID,OVERVALL_SCORE,LABEL
2,67210,0.931388,positive
2,67211,0.844118,positive
2,67212,0.964919,positive
2,67213,0.964919,positive
2,67214,0.991299,positive
2,67215,0.889233,positive
2,67216,0.652405,positive
2,67217,0.988785,positive
