WEBSITE_ID,REVIEW_ID,OVERVALL_SCORE,LABEL
2,67218,0,neutral
2,67219,0.906259,positive
2,67220,0.642283,positive
2,67221,0.587393,positive
2,67222,0.840723,positive
2,67223,0.720687,positive
2,67224,0.778414,positive
2,67225,0,neutral
2,67226,0.973553,positive
2,67227,0,neutral
2,67228,0.934416,positive
2,67229,0.41476,positive
2,67230,0.597686,positive
2,67231,0,neutral
