WEBSITE_ID,REVIEW_ID,OVERVALL_SCORE,LABEL
2,67248,0,neutral
2,67249,0,neutral
2,67250,0.592368,positive
2,67251,0.852739,positive
2,67252,0.478711,positive
2,67253,0,neutral
2,67254,0.967956,positive
2,67255,0.927014,positive
2,67256,0.647428,positive
