WEBSITE_ID,REVIEW_ID,OVERVALL_SCORE,LABEL
2,67268,0.560221,positive
2,67269,0.603354,positive
2,67270,0.691296,positive
2,67271,0.994676,positive
2,67272,0.77539,positive
2,67273,-0.67022,negative
