WEBSITE_ID,REVIEW_ID,OVERVALL_SCORE,LABEL
2,67274,0.994632,positive
2,67275,0.917907,positive
2,67276,0.898347,positive
2,67277,0.876211,positive
2,67278,0.855651,positive
2,67279,-0.323748,negative
2,67280,0.89642,positive
