WEBSITE_ID,REVIEW_ID,OVERVALL_SCORE,LABEL
2,67284,0,neutral
2,67285,0.971764,positive
2,67286,0.726576,positive
2,67287,0.679379,positive
2,67288,0.73798,positive
2,67289,0.892564,positive
2,67290,0,neutral
2,67291,0.871001,positive
2,67292,0.503885,positive
2,67293,0.589981,positive
2,67294,0.990445,positive
2,67295,0.760226,positive
2,67296,0.469992,positive
