WEBSITE_ID,REVIEW_ID,OVERVALL_SCORE,LABEL
2,67301,0.888953,positive
2,67302,0.873948,positive
2,67303,0.975094,positive
2,67304,0.974754,positive
2,67305,-0.476252,negative
2,67306,0.853693,positive
