WEBSITE_ID,REVIEW_ID,OVERVALL_SCORE,LABEL
2,67315,0.606692,positive
2,67316,0.844101,positive
2,67317,0.6983,positive
2,67318,0.64786,positive
2,67319,0.886655,positive
2,67320,0.426531,positive
2,67321,0.555946,positive
2,67322,0.574387,positive
2,67323,0.96237,positive
2,67324,0.726163,positive
2,67325,0.682233,positive
2,67326,0.89139,positive
