WEBSITE_ID,REVIEW_ID,OVERVALL_SCORE,LABEL
2,67332,0,neutral
2,67333,0.511461,positive
2,67334,0.994378,positive
2,67335,0.927087,positive
2,67336,0.962165,positive
2,67337,0.683514,positive
2,67338,0.941381,positive
2,67339,0.995117,positive
2,67340,0.845573,positive
