WEBSITE_ID,REVIEW_ID,OVERVALL_SCORE,LABEL
2,67348,0.703583,positive
2,67349,-0.519923,negative
2,67350,0.93063,positive
2,67351,0.848502,positive
2,67352,0,neutral
2,67353,0.808791,positive
2,67354,0,neutral
2,67355,-0.28197,negative
2,67356,-0.681614,negative
2,67357,-0.801454,negative
2,67358,0.839961,positive
2,67359,-0.386622,negative
