WEBSITE_ID,REVIEW_ID,OVERVALL_SCORE,LABEL
2,67415,0.803239,positive
2,67416,0.593899,positive
2,67417,0.925476,positive
2,67418,0,neutral
2,67419,0.882246,positive
2,67420,0.92686,positive
2,67421,0.864818,positive
