WEBSITE_ID,REVIEW_ID,OVERVALL_SCORE,LABEL
2,56617,0.63575,positive
2,56618,0.907368,positive
2,56619,0,neutral
2,56620,0.998658,positive
2,56621,0.666395,positive
2,56622,0.315163,positive
2,56623,0.994477,positive
2,56624,0.999821,positive
2,56625,0.940381,positive
2,56626,0,neutral
2,56627,0.409612,positive
2,56628,0.865452,positive
2,56629,0.939281,positive
