WEBSITE_ID,REVIEW_ID,OVERVALL_SCORE,LABEL
2,58749,0.99033,positive
2,58750,0.800543,positive
2,58751,0,neutral
2,58752,0.904789,positive
2,58753,0.379392,positive
2,58754,0.916373,positive
2,58755,0.978555,positive
2,58756,0.999951,positive
2,58757,0.702345,positive
